[{"id":"267","CityId":"43","service":"94","url":"geyser-service-in-bhopal","title":"Geyser Service in Bhopal","added_on":"2022-10-14 06:44:10","MetaDescription":"Book expert technician for Geyser service in Bhopal. Get professional local services near you for Geyser servicing in Bhopal. In Home Geyser service & servicing in Bhopal. Geyser service in Bhopal -One Point Services","MetaTitle":"Expert Geyser Service in Bhopal, Repairing Service -One Point Services","metakeyword":"geyser service in bhopal, geyser servicing in bhopal, geyser service near me, geyser service","brand_heading":"We Service All leading Geyser Brands in Bhopal","subservice_heading":"Types of Geyser We Service in Bhopal","safety":"1","featured":"0","service_position":"18","safety_img":"","desc_box_h1":"Common Issues","desc_box_h2":"Services Offered","desc_box_h3":"","desc_box_h1_desc":"","desc_box_h2_desc":"","desc_box_h3_desc":"","mainheading":"Best Online Customer Care for Expert Technician","serviceLinkHeading":"Top Services","cityLinkHeading":"Top Places","Status":"1"},{"id":"268","CityId":"43","service":"65","url":"electrician-in-bhopal","title":"Electrician in Bhopal","added_on":"2022-10-14 06:49:11","MetaDescription":"Book expert Electrician in Bhopal. Get professional local services near you for Electrician service in Bhopal. In Home Repairing & Servicing. Electrician Service in Bhopal -One Point Services","MetaTitle":"Expert Electrician in Bhopal, Repairing Service -One Point Services","metakeyword":"electrician in bhopal, electrician service in bhopal, electrician near me","brand_heading":"","subservice_heading":"","safety":"1","featured":"0","service_position":"18","safety_img":"","desc_box_h1":"Common Issues","desc_box_h2":"Services Offered","desc_box_h3":"","desc_box_h1_desc":"","desc_box_h2_desc":"","desc_box_h3_desc":"","mainheading":"Best Online Customer Care for Expert Technician","serviceLinkHeading":"Top Services","cityLinkHeading":"Top Places","Status":"1"},{"id":"257","CityId":"43","service":"55","url":"ac-repair-in-bhopal","title":"AC Repair in Bhopal","added_on":"2022-10-13 05:19:14","MetaDescription":"Book Expert technician for AC repair in Bhopal. Get professional local services near you for AC repair service in Bhopal. In home Air conditioner repairing and servicing customer care in Bhopal. Authorized AC service center in Bhopal -One Point Services","MetaTitle":"Expert AC Repair in Bhopal, Repairing Service -One Point Services","metakeyword":"ac repair in bhopal,ac repair service in bhopal,ac service center in bhopal,ac repairing in bhopal,ac repair near me,ac repairing near me,air conditioner repair service in bhopal,ac technician in bhopal,ac online repair company","brand_heading":"We Repair All leading AC Brands in Bhopal","subservice_heading":"Types of AC We Repair in Bhopal","safety":"1","featured":"0","service_position":"12","safety_img":"","desc_box_h1":"Common Issues","desc_box_h2":"Services offered","desc_box_h3":"","desc_box_h1_desc":"","desc_box_h2_desc":"","desc_box_h3_desc":"","mainheading":"Best Online Customer Care for Expert Technician","serviceLinkHeading":"Top Services","cityLinkHeading":"Top Places","Status":"1"},{"id":"258","CityId":"43","service":"66","url":"washing-machine-repair-in-bhopal","title":"Washing Machine Repair in Bhopal","added_on":"2022-10-13 05:53:17","MetaDescription":"Book expert technician for Washing Machine repair in Bhopal. Get professional local services near you for Washing Machine repair service in Bhopal. In home washing machine repairing & servicing customer care in Bhopal. Authorized Washing machine service center in Bhopal -One Point Services","MetaTitle":"Expert Washing Machine Repair in Bhopal, Repairing Service -One Point Services","metakeyword":"washing machine repair in bhopal, washing machine repair service in bhopal, washing machine service centre in bhopal, washing machine repairing in bhopal, washing machine repair near me, washing machine repair service near me","brand_heading":"We Repair all Leading Washing Machine","subservice_heading":"Types of Washing Machine We Repair","safety":"1","featured":"0","service_position":"13","safety_img":"","desc_box_h1":"Common Issues","desc_box_h2":"Services Offered","desc_box_h3":"","desc_box_h1_desc":"","desc_box_h2_desc":"","desc_box_h3_desc":"","mainheading":"Best Online Customer Care for Expert Technician","serviceLinkHeading":"Top Services","cityLinkHeading":"Top Places","Status":"1"},{"id":"259","CityId":"43","service":"60","url":"ac-service-in-bhopal","title":"AC Service in Bhopal","added_on":"2022-10-13 06:32:14","MetaDescription":"Book expert technician for AC service in Bhopal. Get professional local services near you for AC service in Bhopal. In home Air conditioner servicing customer care in Bhopal. Authorized AC service centre in Bhopal -One Point Services","MetaTitle":"Expert AC Service in Bhopal, servicing customer care -One Point Services","metakeyword":"ac service in bhopal, ac servicing in bhopal, air conditioner service in bhopal, air conditioner servicing in bareilly, ac service near me, ac servicing near me, air conditioner service near me, air conditioner servicing near me, ac service helpline","brand_heading":"We Service all leading AC Brands in Bhopal","subservice_heading":"Types of AC We Service in Bhopal","safety":"1","featured":"0","service_position":"14","safety_img":"","desc_box_h1":"Common Issues","desc_box_h2":"Services Offered","desc_box_h3":"","desc_box_h1_desc":"","desc_box_h2_desc":"","desc_box_h3_desc":"","mainheading":"Best Online Customer Care for Expert Technician","serviceLinkHeading":"Top Services","cityLinkHeading":"Top Cities","Status":"1"},{"id":"260","CityId":"43","service":"91","url":"washing-machine-service-in-bhopal","title":"Washing Machine Service in Bhopal","added_on":"2022-10-14 04:47:38","MetaDescription":"Book expert technician for Washing Machine service in Bhopal. Get professional local services near you for Washing Machine servicing in Bhopal. In Home Washing Machine service & servicing in Bhopal -One Point Services","MetaTitle":"Expert Washing Machine Service in Bhopal, Repairing Service -One Point Services","metakeyword":"washing machine service in bhopal, washing machine servicing in bhopal, washing machine servicing in bhopal","brand_heading":"We Service All Leading Washing Machine Brands in Bhopal","subservice_heading":"Types of Washing Machine We Service in Bhopal","safety":"1","featured":"0","service_position":"15","safety_img":"","desc_box_h1":"Common Issues","desc_box_h2":"Services Offered","desc_box_h3":"","desc_box_h1_desc":"","desc_box_h2_desc":"","desc_box_h3_desc":"","mainheading":"Best Online Customer Care for Expert Technician","serviceLinkHeading":"Top Services","cityLinkHeading":"Top Places","Status":"1"},{"id":"261","CityId":"43","service":"58","url":"fridge-repair-in-bhopal","title":"Fridge Repair in Bhopal","added_on":"2022-10-14 04:58:06","MetaDescription":"Book Expert technician for Fridge repair in Bhopal. Get professional local services near you for Fridge repair service in Bhopal. In home Refrigerator servicing & repairing customer care in Bhopal. Authorized Fridge service centre in Bhopal -One Point Services","MetaTitle":"Expert Fridge Repair in Bhopal, Repairing Service -One Point Services","metakeyword":"fridge repair in bhopal, fridge repair service in  bhopal, fridge service centre in  bhopal, fridge repairing in  bhopal, refrigerator repair in bhopal, refrigerator repair service in  bhopal, refrigerator service centre in  bhopal, fridge r","brand_heading":"We Repair All leading Fridge Brands in Bhopal","subservice_heading":"Types of Fridge We Repair in Bhopal","safety":"1","featured":"0","service_position":"16","safety_img":"","desc_box_h1":"Common Issues","desc_box_h2":"Services Offered","desc_box_h3":"","desc_box_h1_desc":"","desc_box_h2_desc":"","desc_box_h3_desc":"","mainheading":"Best Online Customer Care for Expert Technician","serviceLinkHeading":"Top Services","cityLinkHeading":"Top Places","Status":"1"},{"id":"263","CityId":"43","service":"57","url":"ro-repair-in-bhopal","title":"RO Repair in Bhopal","added_on":"2022-10-14 05:32:10","MetaDescription":"Book expert technician for RO repair in Bhopal. Get professional local services near you for RO repair service in Bhopal. In home Water Purifier servicing & repairing customer care in Bhopal. Authorized RO service center in Bhopal -One Point Services","MetaTitle":"Expert RO Repair in Bhopal, Repairing Service -One Point Services","metakeyword":"ro repair in bhopal, ro repair service in bhopal, ro service centre in bhopal, water purifier repair in bhopal, water purifier repair service in bhopal, water purifier service centre in bhopal, ro technician in bhopal","brand_heading":"We Service All Leading RO Brands in Bhopal","subservice_heading":"Types of RO We Repair in Bhopal","safety":"1","featured":"0","service_position":"0","safety_img":"","desc_box_h1":"Common Issues","desc_box_h2":"Services Offered","desc_box_h3":"","desc_box_h1_desc":"","desc_box_h2_desc":"","desc_box_h3_desc":"","mainheading":"Best Online Customer Care for Expert Technician","serviceLinkHeading":"Top Services","cityLinkHeading":"Top Places","Status":"1"},{"id":"264","CityId":"43","service":"81","url":"ro-service-in-bhopal","title":"RO Service in Bhopal","added_on":"2022-10-14 05:43:26","MetaDescription":"Book Expert technician for RO Service in Bhopal. Get professional local services near you for RO service in Bhopal. In home Water Purifier repairing & servicing customer care in Bhopal. Authorized RO Service Centre in Bhopal -One Point Services","MetaTitle":"Expert RO Service in Bhopal, Servicing customer care -One Point Services","metakeyword":"ro service in bhopal, ro servicing in bhopal, ro service near me, water purifier service in bhopal, water purifier servicing in bhopal, water purifier service near me, ro service helpline,  ro service customer care, water purifier customer care","brand_heading":"We Service All Leading RO Brands in Bhopal","subservice_heading":"Types of RO We Service in Bhopal","safety":"1","featured":"0","service_position":"17","safety_img":"","desc_box_h1":"Common Issues","desc_box_h2":"Services Offered","desc_box_h3":"","desc_box_h1_desc":"","desc_box_h2_desc":"","desc_box_h3_desc":"","mainheading":"Best Online Customer Care for Expert Technician","serviceLinkHeading":"Top Services","cityLinkHeading":"Top Cities","Status":"1"},{"id":"265","CityId":"43","service":"67","url":"microwave-repair-in-bhopal","title":"Microwave Repair in Bhopal","added_on":"2022-10-14 06:13:44","MetaDescription":"Book Expert technician for Microwave repair in Bhopal. Get professional local services near you for Microwave repair service in Bhopal. In home repairing and servicing customer care in Bhopal. Authorized Microwave service center in Bhopal -One Point Services","MetaTitle":"Expert Microwave Repair in Bhopal, Repairing Service -One Point Services","metakeyword":"microwave repair in bhopal, microwave repair service in bhopal, microwave repairing in bhopal, microwave service centre in bhopal, microwave repair near me, microwave repair service near me, microwave repairing near me, microwave service centre","brand_heading":"We Repair All Leading Microwave Brands in Bhopal","subservice_heading":"","safety":"1","featured":"0","service_position":"19","safety_img":"","desc_box_h1":"Common Issues","desc_box_h2":"Services Offered","desc_box_h3":"","desc_box_h1_desc":"","desc_box_h2_desc":"","desc_box_h3_desc":"","mainheading":"Best Online Customer Care for Expert Technician","serviceLinkHeading":"Top Services","cityLinkHeading":"Top Places","Status":"1"},{"id":"266","CityId":"43","service":"68","url":"geyser-repair-in-bhopal","title":"Geyser Repair in Bhopal","added_on":"2022-10-14 06:34:37","MetaDescription":"Book Expert technician for Geyser repair in Bhopal. Get professional local services near you for Geyser repair service in Bhopal. In home repairing and servicing customer care in Bhopal. Authorized Geyser service center in Bhopal -One Point Services","MetaTitle":"Expert Geyser Repair in Bhopal, Repairing Service -One Point Services","metakeyword":"geyser repair in bhopal, geyser repair service in bhopal, geyser repairing in bhopal, geyser service centre in bhopal, geyser repair near me, geyser repair service near me, geyser repairing near me, geyser service centre near me, geyser repair","brand_heading":"We Repair All Leading Brands Of Geyser in Bhopal","subservice_heading":"Types of Geyser We Repair in Bhopal","safety":"1","featured":"0","service_position":"15","safety_img":"","desc_box_h1":"Common Issues","desc_box_h2":"Services Offered","desc_box_h3":"","desc_box_h1_desc":"","desc_box_h2_desc":"","desc_box_h3_desc":"","mainheading":"Best Online Customer Care for Expert Technician","serviceLinkHeading":"Top Services","cityLinkHeading":"Top Places","Status":"1"},{"id":"262","CityId":"43","service":"90","url":"fridge-service-in-bhopal","title":"Fridge Service in Bhopal","added_on":"2022-10-14 05:07:31","MetaDescription":"Book expert technician for fridge service in Bhopal. Get professional local services near you for refrigerator repair service in Bhopal. In home refrigerator servicing in Bhopal -One Point Services","MetaTitle":"Expert Refrigerator service in Bhopal, Repairing Service -One Point Services","metakeyword":"fridge service, fridge servicing, fridge repair service, fridge service near me, refrigerator service, refrigerator servicing, refrigerator repair service, refrigerator service near me","brand_heading":"We Repair All leading Refrigerator Brands in Bhopal","subservice_heading":"Types of Fridge We Service in Bhopal","safety":"1","featured":"0","service_position":"0","safety_img":"","desc_box_h1":"Common Issues","desc_box_h2":"Services Offered","desc_box_h3":"","desc_box_h1_desc":"","desc_box_h2_desc":"","desc_box_h3_desc":"","mainheading":"Best Online Customer Care for Expert Technician","serviceLinkHeading":"Top Services","cityLinkHeading":"Top Cities","Status":"1"}]